[
  {
    "name": "GUARDIANS OF THE GALAXY VOL. 3",
    "image": "https://www.myvue.com/-/media/0a74699e4c3942d689c37da9626ec74c.png?w=200",
    "certification": "PG-13",
    "description": "In Marvel Studios \"Guardians of the Galaxy Vol. 3\" our beloved band of misfits are looking a bit different these days. Peter Quill, still reeling from the loss of Gamora, must rally his team around him to defend the universe along with protecting one of their own. A mission that, if not completed successfully, could quite possibly lead to the end of the Guardians as we know them.\n\n",
    "starring": [
      " Dave Bautista, Chris Pratt, Zoe Saldana, Vin Diesel, Karen Gillan, Bradley Cooper "
    ],
    "running_time_mins": 143,
    "seats_remaining": 0,
    "seats_selected": 0
  },
  {
    "name": "BARBIE",
    "image": "https://www.myvue.com/-/media/ec53f95263c34665b8d4fe1af621f824.png?w=200",
    "certification": "16",
    "description": "Eccentric and individualistic, Barbie is exiled from Barbieland because of her imperfections. When her home world is in peril, Barbie returns with the knowledge that what makes her different also makes her stronger.",
    "starring": [
      "Margot Robbie,Ryan Gosling"
    ],
    "running_time_mins": 100,
    "seats_remaining": 0,
    "seats_selected": 0
  },
  {
    "name": "PUSS IN BOOTS: THE LAST WISH",
    "image": "https://images.mymovies.net/images/film/cin/350x522/fid21516.jpg?sc=.99",
    "certification": "PG",
    "description": "For the first time in more than a decade, DreamWorks Animation presents a new adventure in the Shrek universe as daring outlaw Puss in Boots discovers that his passion for peril and disregard for safety have taken their toll. Puss has burned through eight of his nine lives, though he lost count along the way. Getting those lives back will send Puss in Boots on his grandest quest yet.\n\n",
    "starring": [
      "Antonio Banderas, Salma Hayek, Olivia Colman"
    ],
    "running_time_mins": 72,
    "seats_remaining": 0,
    "seats_selected": 0
  },
  {
    "name": "Creed III",
    "image": "https://www.myvue.com/-/media/8000b40d5bfd4148b1c2195fdd490a11.png?w=200",
    "certification": "TBC",
    "description": "When a childhood friend and former boxing prodigy, Damian (Jonathan Majors), resurfaces after serving a long sentence in prison, he is eager to prove that he deserves his shot in the ring.",
    "starring": [
      "Michael B. Jordan", "Tessa Thompson", "Jonathan Majors"," Wood Harris"
    ],
    "running_time_mins": 116,
    "seats_remaining": 0,
    "seats_selected": 0
  },
  {
    "name": "LOLA",
    "image": "https://www.myvue.com/-/media/9d13827774f043f4b6dc05e2c4b18e1e.png?w=200",
    "certification": "15A",
    "description": "1941, sisters Thom and Mars have built a machine, LOLA, that can intercept radio and TV broadcasts from the future.",
    "starring": [
      "Stefanie Martini", "Emma Appleton", "Rory Fleck Byrne"
    ],
    "running_time_mins": 79,
    "seats_remaining": 0,
    "seats_selected": 0
  }
]
